w,h,pattern,c_cycles,rvv_cycles,status
4,4,0,320,97,PASS
4,8,0,495,114,PASS
4,16,0,937,176,PASS
4,32,0,1809,324,PASS
4,64,0,3614,589,PASS
8,4,0,351,65,PASS
8,8,0,723,98,PASS
8,16,0,1425,166,PASS
8,32,0,2797,297,PASS
8,64,0,5662,583,PASS
16,4,0,607,66,PASS
16,8,0,1235,120,PASS
16,16,0,2449,248,PASS
16,32,0,4845,499,PASS
16,64,0,9749,1025,PASS
32,4,0,1132,67,PASS
32,8,0,2259,185,PASS
32,16,0,4487,441,PASS
32,32,0,8941,948,PASS
32,64,0,17931,1983,PASS
64,4,0,2160,70,PASS
64,8,0,4307,313,PASS
64,16,0,8583,825,PASS
64,32,0,17133,1844,PASS
64,64,0,34331,3903,PASS
